 Balanced Accuracy two-tailed two-sided t-tests p-values,,,,,,,,,,,,
,cv_qidc_trd_full_baccs,cv_qidssr_trd_full_baccs,cv_qidsc_rem_full_baccs,cv_qidssr_rem_full_baccs,cv_qidssr_rem_overlap_baccs,cv_qidsc_resp_full_baccs,cv_qidssr_resp_full_baccs,cv_qidssr_resp_chi2_baccs,cv_qidssr_resp_elnet_baccs,cv_qidssr_resp_overlap_baccs,extval_qidssr_rem_overlap_baccs,extval_qidssr_resp_overlap_baccs
cv_qidc_trd_full_baccs,1,2.21E-163,4.69E-161,8.27E-181,1.10E-169,3.40E-251,1.97E-250,1.90E-250,7.65E-221,1.40E-246,3.34E-33,2.36E-271
cv_qidssr_trd_full_baccs,2.21E-163,1,3.25E-16,5.48E-20,0.391020097,7.08E-212,2.23E-213,3.63E-218,6.98E-187,2.33E-204,3.63E-164,6.23E-252
cv_qidsc_rem_full_baccs,4.69E-161,3.25E-16,1,2.93E-53,3.37E-16,6.32E-223,2.40E-223,3.00E-226,5.65E-193,8.07E-216,1.69E-161,5.85E-257
cv_qidssr_rem_full_baccs,8.27E-181,5.48E-20,2.93E-53,1,1.68E-26,1.68E-217,4.56E-218,1.67E-221,2.18E-186,1.69E-209,1.73E-177,1.37E-254
cv_qidssr_rem_overlap_baccs,1.10E-169,0.391020097,3.37E-16,1.68E-26,1,2.02E-220,6.24E-221,4.27E-224,3.91E-190,5.92E-213,1.73E-168,7.60E-256
cv_qidsc_resp_full_baccs,3.40E-251,7.08E-212,6.32E-223,1.68E-217,2.02E-220,1,1.01E-26,2.35E-95,1.54E-52,4.71E-33,9.65E-242,2.04E-205
cv_qidssr_resp_full_baccs,1.97E-250,2.23E-213,2.40E-223,4.56E-218,6.24E-221,1.01E-26,1,2.59E-68,6.38E-28,4.67E-66,4.07E-242,1.36E-197
cv_qidssr_resp_chi2_baccs,1.90E-250,3.63E-218,3.00E-226,1.67E-221,4.27E-224,2.35E-95,2.59E-68,1,2.95E-10,2.50E-116,5.06E-244,5.96E-177
cv_qidssr_resp_elnet_baccs,7.65E-221,6.98E-187,5.65E-193,2.18E-186,3.91E-190,1.54E-52,6.38E-28,2.95E-10,1,5.13E-75,1.66E-219,3.16E-165
cv_qidssr_resp_overlap_baccs,1.40E-246,2.33E-204,8.07E-216,1.69E-209,5.92E-213,4.71E-33,4.67E-66,2.50E-116,5.13E-75,1,2.00E-237,7.10E-211
extval_qidssr_rem_overlap_baccs,3.34E-33,3.63E-164,1.69E-161,1.73E-177,1.73E-168,9.65E-242,4.07E-242,5.06E-244,1.66E-219,2.00E-237,1,1.66E-266
extval_qidssr_resp_overlap_baccs,2.36E-271,6.23E-252,5.85E-257,1.37E-254,7.60E-256,2.04E-205,1.36E-197,5.96E-177,3.16E-165,7.10E-211,1.66E-266,1
,,,,,,,,,,,,
 AUC two-tailed two-sided t-tests,,,,,,,,,,,,
,cv_qidc_trd_full_auc,cv_qidssr_trd_full_auc,cv_qidsc_rem_full_auc,cv_qidssr_rem_full_auc,cv_qidssr_rem_overlap_auc,cv_qidsc_resp_full_auc,cv_qidssr_resp_full_auc,cv_qidssr_resp_chi2_auc,cv_qidssr_resp_elnet_auc,cv_qidssr_resp_overlap_auc,extval_qidssr_rem_overlap_auc,extval_qidssr_resp_overlap_auc
cv_qidc_trd_full_auc,1,1.30E-249,6.68E-250,3.78E-169,3.91E-222,0,8.127477899671e-311,3.29E-276,1.24E-247,1.285e-321,5.11E-202,0
cv_qidssr_trd_full_auc,1.30E-249,1,8.10E-53,2.11E-234,1.87E-161,1.27E-290,1.43E-265,3.87E-245,7.88E-216,4.61E-280,1.70E-104,4.15e-322
cv_qidsc_rem_full_auc,6.68E-250,8.10E-53,1,6.77E-236,2.07E-148,6.19E-303,6.64E-277,4.88E-249,3.69E-219,7.26E-293,7.78E-80,0
cv_qidssr_rem_full_auc,3.78E-169,2.11E-234,6.77E-236,1,3.28E-187,0,2.4506765378e-313,1.48E-269,2.10E-239,0,2.15E-162,0
cv_qidssr_rem_overlap_auc,3.91E-222,1.87E-161,2.07E-148,3.28E-187,1,5.37615569552e-312,7.60E-289,3.73E-257,1.59E-227,2.44E-303,1.68E-37,0
cv_qidsc_resp_full_auc,0,1.27E-290,6.19E-303,0,5.37615569552e-312,1,4.63E-130,5.83E-152,1.27E-122,2.70E-109,3.34E-273,8.37E-273
cv_qidssr_resp_full_auc,8.127477899671e-311,1.43E-265,6.64E-277,2.4506765378e-313,7.60E-289,4.63E-130,1,1.61E-174,8.43E-146,6.53E-46,6.42E-255,3.07E-279
cv_qidssr_resp_chi2_auc,3.29E-276,3.87E-245,4.88E-249,1.48E-269,3.73E-257,5.83E-152,1.61E-174,1,0.359775787,2.68E-169,1.86E-247,4.68E-180
cv_qidssr_resp_elnet_auc,1.24E-247,7.88E-216,3.69E-219,2.10E-239,1.59E-227,1.27E-122,8.43E-146,0.359775787,1,7.86E-140,4.29E-221,9.22E-157
cv_qidssr_resp_overlap_auc,1.285e-321,4.61E-280,7.26E-293,0,2.44E-303,2.70E-109,6.53E-46,2.68E-169,7.86E-140,1,3.50E-264,3.50E-280
extval_qidssr_rem_overlap_auc,5.11E-202,1.70E-104,7.78E-80,2.15E-162,1.68E-37,3.34E-273,6.42E-255,1.86E-247,4.29E-221,3.50E-264,1,3.363100758e-313
extval_qidssr_resp_overlap_auc,0,4.15e-322,0,0,0,8.37E-273,3.07E-279,4.68E-180,9.22E-157,3.50E-280,3.363100758e-313,1
,,,,,,,,,,,,
"cv: cross validation, extval: external validation, AUC: area-under-curve;  trd: treatment resistant depression; resp: depression response; rem: depression remission; qidssr: Quick Inventory of Depressive Symptomatology, Self Report Version; qidc: Quick Inventory of Depressive Symptomatology, Clinician Report Version",,,,,,,,,,,,
