Rank,cv_qidc_trd_full,cv_qidssr_trd_full,cv_qidsc_rem_full,cv_qidssr_rem_full,cv_qidssr_rem_overlap,cv_qidsc_resp_full,cv_qidssr_resp_full,cv_qidssr_resp_chi2,cv_qidssr_resp_elnet,cv_qidssr_resp_overlap,extval_qidssr_rem_overlap,extval_qidssr_resp_overlap
1,qids01_w2c__qstot,qids01_w2sr__qstot,qids01_w2c__qstot,qids01_w2sr__qstot,QIDS_OVERL_SEVTY_week2:::qids01_w2sr__qstot,imput_qidscpccg,imput_qidscpccg,imput_qidscpccg,dm01_enroll__famim,imput_QIDS_SR_perc_change:::,QIDS_OVERL_SEVTY_week2:::qids01_w2sr__qstot,imput_QIDS_SR_perc_change:::
2,imput_qidscpccg,qids01_w2c__qstot,qids01_w2sr__qstot,qids01_w2c__qstot,imput_QIDS_SR_perc_change:::,imput_idsc5pccg,qids01_w2sr__qstot,pdsq01__tedis,phx01__pd_ag,AGE:::interview_age,imput_QIDS_SR_perc_change:::,QIDS_OVERL_SEVTY_week2:::qids01_w2sr__qstot
3,imput_idsc5w2,imput_qidscpccg,imput_idsc5w2,imput_qidscpccg,QLESQA_TOT_QLESQB_TOT_merged:::,qids01_w2c__qstot,imput_idsc5pccg,pdsq01__sad2y,dm01_enroll__empl||6.0,QIDS_OVERL_SEVTY_week2:::qids01_w2sr__qstot,QLESQA_TOT_QLESQB_TOT_merged:::,AGE:::interview_age
4,qlesq01__totqlesq,wsas01__totwsas,imput_qidscpccg,imput_idsc5w2,PSYHIS_MDE_EP_DUR_MO:::phx01__episode_date,qids01_w2sr__qstot,sfhs01__pcs12,pdsq01__apt2y,dm01_enroll__enjoy,PSYHIS_MDE_EP_DUR_MO:::phx01__episode_date,QIDS_SR_11_week2:::qids01_w2sr__vvwsf,PSYHIS_MDE_EP_DUR_MO:::phx01__episode_date
5,qids01_w2sr__qstot,sfhs01__pcs12,imput_idsc5pccg,imput_idsc5pccg,AGE:::interview_age,imput_idsc5w2,qids01_w2c__qstot,pdsq01__slp2y,phx01__pd_nos,PSYHIS_MDD_AGE:::phx01__dage,PSYHIS_MDE_EP_DUR_MO:::phx01__episode_date,QLESQA_TOT_QLESQB_TOT_merged:::
6,imput_idsc5pccg,qlesq01__totqlesq,sfhs01__pcs12,wsas01__totwsas,QIDS_OVERL_SEVTY_baseline:::qids01_w0sr__qstot,sfhs01__pcs12,interview_age,pdsq01__trd2y,phx01__pd_paran,QLESQA_TOT_QLESQB_TOT_merged:::,QIDS_OVERL_SEVTY_baseline:::qids01_w0sr__qstot,PSYHIS_MDD_AGE:::phx01__dage
7,sfhs01__pcs12,imput_idsc5w2,wsas01__totwsas,sfhs01__pcs12,QIDS_SR_11_week2:::qids01_w2sr__vvwsf,wsas01__totwsas,imput_idsc5w2,pdsq01__cd2y,phx01__pd_antis,QIDS_OVERL_SEVTY_baseline:::qids01_w0sr__qstot,AGE:::interview_age,QIDS_OVERL_SEVTY_baseline:::qids01_w0sr__qstot
8,wsas01__totwsas,imput_idsc5pccg,qlesq01__totqlesq,qids01_w2sr__vvwsf,PSYHIS_MDD_AGE:::phx01__dage,phx01__episode_date,phx01__episode_date,pdsq01__low2y,dm01_enroll__frend,EDUC:::dm01_enroll__educat,QIDS_SR_5_week2:::qids01_w2sr__vmdsd,EDUC:::dm01_enroll__educat
9,wsas01__wsas03,wsas01__wsas03,qids01_w2sr__vmdsd,qlesq01__totqlesq,SDS_2_1_baseline:::wsas01__wsas03,qids01_w2c__vmdsd,sfhs01__mcs12,pdsq01__hpl2y,phx01__aii_na,LAM_2_baseline:::wpai01__wpai_totalhrs,PSYHIS_MDD_AGE:::phx01__dage,LAM_2_baseline:::wpai01__wpai_totalhrs
10,qids01_w2sr__vmdsd,qids01_w2sr__vmdsd,qids01_w2c__vmdsd,qids01_w0sr__qstot,SDS_1_1_baseline:::wsas01__wsas01,qlesq01__totqlesq,qids01_w0sr__qstot,pdsq01__trexp,phx01__aii_def,SDS_1_1_baseline:::wsas01__wsas01,SDS_2_1_baseline:::wsas01__wsas03,SDS_1_1_baseline:::wsas01__wsas01
11,qids01_w2c__vmdsd,qids01_w2c__vcntr,phx01__episode_date,phx01__episode_date,QIDS_SR_5_week2:::qids01_w2sr__vmdsd,interview_age,phx01__dage,pdsq01__trwit,dm01_enroll__leave||0.0,SDS_2_1_baseline:::wsas01__wsas03,SDS_1_1_baseline:::wsas01__wsas01,imput_QIDS_SR_psychomot_domain_week2:::
12,phx01__episode_date,qids01_w2c__vmdsd,qids01_w0sr__qstot,wsas01__wsas01,imput_QIDS_SR_psychomot_domain_week2:::,sfhs01__mcs12,dm01_w0__totincom,pdsq01__tetht,phx01__gad_phx,QIDS_ATYPICAL_baseline:::,imput_QIDS_SR_psychomot_domain_week2:::,QIDS_SR_5_week2:::qids01_w2sr__vmdsd
13,interview_age,qids01_w0sr__qstot,interview_age,interview_age,LAM_2_baseline:::wpai01__wpai_totalhrs,wsas01__wsas03,qlesq01__totqlesq,pdsq01__teups,dm01_enroll__leave||1.0,SDS_3_1_baseline:::wsas01__wsas02,QIDS_SR_13_week2:::qids01_w2sr__vintr,QIDS_SR_13_week2:::qids01_w2sr__vintr
14,qids01_w2c__vcntr,interview_age,sfhs01__mcs12,qids01_w2c__vmdsd,EDUC:::dm01_enroll__educat,dm01_w0__totincom,wsas01__totwsas,pdsq01__temem,dm01_enroll__marital||1.0,PSYHIS_MDE_NUM:::phx01__epino,QIDS_SR_14_week2:::qids01_w2sr__vengy,QIDS_SR_16_week2:::qids01_w2sr__vagit
15,sfhs01__mcs12,phx01__episode_date,wsas01__wsas03,qids01_w2sr__vmdsd,SDS_3_1_baseline:::wsas01__wsas02,phx01__dage,dm01_enroll__resm,pdsq01__teblk,phx01__specphob,HSHLD_INCOME:::dm01_w0__totincom,LAM_2_baseline:::wpai01__wpai_totalhrs,SDS_2_1_baseline:::wsas01__wsas03
16,qids01_w0sr__qstot,wsas01__wsas01,dm01_w0__totincom,sfhs01__mcs12,HSHLD_INCOME:::dm01_w0__totincom,qids01_w2sr__vmdsd,dm01_w0__mempl,pdsq01__ser2w,dm01_enroll__marital||2.0,QIDS_SR_5_week2:::qids01_w2sr__vmdsd,QIDS_SR_15_week2:::qids01_w2sr__vslow,QIDS_SR_15_week2:::qids01_w2sr__vslow
17,phx01__dage,sfhs01__mcs12,qids01_w0c__qstot,qids01_w2sr__vslow,QIDS_SR_16_week2:::qids01_w2sr__vagit,wsas01__wsas01,qids01_w2c__vmdsd,pdsq01__termd,dm01_enroll__marital||3.0,QLESQ_1A_12_baseline_QLESQ_1B_12_baseline_merged:::qlesq01__qlesq12,SDS_3_1_baseline:::wsas01__wsas02,SDS_3_1_baseline:::wsas01__wsas02
18,hrsd01__hdtot_r,wsas01__wsas04,phx01__dage,dm01_w0__totincom,QIDS_ATYPICAL_baseline:::,dm01_enroll__resm,qids01_w2sr__vmdsd,pdsq01__tefsh,dm01_enroll__resid||2.0,imput_QIDS_SR_psychomot_domain_week2:::,EDUC:::dm01_enroll__educat,QIDS_ATYPICAL_baseline:::
19,dm01_w0__totincom,wsas01__wsas02,wsas01__wsas01,wsas01__wsas03,QIDS_SR_13_week2:::qids01_w2sr__vintr,dm01_enroll__educat,wpai01__wpai04,pdsq01__teshk,dm01_enroll__marital||4.0,QIDS_SR_16_week2:::qids01_w2sr__vagit,QIDS_SR_1_week2:::qids01_w2sr__vsoin,QLESQ_1A_12_baseline_QLESQ_1B_12_baseline_merged:::qlesq01__qlesq12
20,qids01_w0c__qstot,qids01_w0c__qstot,hrsd01__hdtot_r,hrsd01__hdtot_r,QIDS_SR_1_week2:::qids01_w2sr__vsoin,qids01_w0sr__qstot,hrsd01__hdtot_r,pdsq01__tedst,dm01_enroll__marital||5.0,QLESQ_1A_13_baseline_QLESQ_1B_13_baseline_merged:::qlesq01__qlesq13,QIDS_SR_10_week2:::qids01_w2sr__vcntr,PSYHIS_MDE_NUM:::phx01__epino
21,wsas01__wsas04,qids01_w2sr__vvwsf,qids01_w2sr__vvwsf,phx01__dage,PSYHIS_MDE_NUM:::phx01__epino,dm01_w0__mempl,dm01_enroll__educat,pdsq01__tenmb,dm01_enroll__marital||6.0,QLESQ_1A_11_baseline_QLESQ_1B_11_baseline_merged:::qlesq01__qlesq11,HSHLD_INCOME:::dm01_w0__totincom,QIDS_SR_11_week2:::qids01_w2sr__vvwsf
22,dm01_enroll__resm,hrsd01__hdtot_r,qids01_w2c__vintr,dm01_w0__mempl,QIDS_SR_10_week2:::qids01_w2sr__vcntr,qids01_w0c__qstot,wpai01__wpai_totalhrs,pdsq01__tegug,dm01_enroll__medicaid||0.0,QLESQ_1A_10_baseline_QLESQ_1B_10_baseline_merged:::qlesq01__qlesq10,QLESQ_1A_12_baseline_QLESQ_1B_12_baseline_merged:::qlesq01__qlesq12,HSHLD_INCOME:::dm01_w0__totincom
23,wsas01__wsas02,phx01__dage,dm01_enroll__resm,qids01_w0c__qstot,QLESQ_1A_12_baseline_QLESQ_1B_12_baseline_merged:::qlesq01__qlesq12,hrsd01__hdtot_r,qids01_w0c__qstot,pdsq01__tegrd,dm01_enroll__medicaid||1.0,QIDS_SR_11_week2:::qids01_w2sr__vvwsf,PSYHIS_MDE_NUM:::phx01__epino,QIDS_SR_3_week2:::qids01_w2sr__vemin
24,dm01_w0__mempl,dm01_w0__totincom,dm01_w0__mempl,wsas01__wsas04,QIDS_SR_15_week2:::qids01_w2sr__vslow,wsas01__wsas04,imput_gibbons,pdsq01__tejmp,pdsq01__dgmge,QIDS_ATYPICAL_week2:::,QIDS_ATYPICAL_baseline:::,QIDS_SR_14_week2:::qids01_w2sr__vengy
25,imput_gibbons,imput_gibbons,wsas01__wsas04,qids01_w2c__vsoin,QIDS_SR_14_week2:::qids01_w2sr__vengy,wpai01__wpai04,qids01_w2sr__vagit,pdsq01__ebnge,dm01_enroll__mkedc,LAM_3_baseline:::wpai01__wpai02,QIDS_ATYPICAL_week2:::,QIDS_SR_1_week2:::qids01_w2sr__vsoin
26,dm01_enroll__educat,dm01_w0__mempl,qids01_w2c__vengy,dm01_enroll__resm,QIDS_ATYPICAL_week2:::,wpai01__wpai_totalhrs,wsas01__wsas01,pdsq01__ebcrl,pdsq01__dgfrd,QIDS_SR_15_week2:::qids01_w2sr__vslow,QIDS_SR_16_week2:::qids01_w2sr__vagit,QIDS_ATYPICAL_week2:::
27,wsas01__wsas01,wsas01__wsas05,dm01_enroll__educat,qids01_w2sr__vagit,QLESQ_1A_9_baseline_QLESQ_1B_9_baseline_merged:::qlesq01__qlesq09,qids01_w2sr__vvwsf,wsas01__wsas03,pdsq01__ebfl,dm01_enroll__privins||0.0,QLESQ_1A_9_baseline_QLESQ_1B_9_baseline_merged:::qlesq01__qlesq09,QIDS_SR_1_baseline:::qids01_w0sr__vsoin,QLESQ_1A_11_baseline_QLESQ_1B_11_baseline_merged:::qlesq01__qlesq11
28,qids01_w2c__vengy,dm01_enroll__resm,wpai01__wpai04,wpai01__wpai04,LAM_3_baseline:::wpai01__wpai02,wsas01__wsas05,wpai01__wpai06,pdsq01__ebhgy,dm01_enroll__privins||1.0,QIDS_SR_14_week2:::qids01_w2sr__vengy,QLESQ_1A_6_baseline_QLESQ_1B_6_baseline_merged:::qlesq01__qlesq06,QLESQ_1A_13_baseline_QLESQ_1B_13_baseline_merged:::qlesq01__qlesq13
29,wpai01__wpai04,qids01_w2sr__vengy,imput_idsc5w0,qids01_w2sr__vengy,QLESQ_1A_10_baseline_QLESQ_1B_10_baseline_merged:::qlesq01__qlesq10,imput_gibbons,wpai01__wpai_pctactimp,pdsq01__spf2w,pdsq01__dkmge,QIDS_SR_11_baseline:::qids01_w0sr__vvwsf,QLESQ_1A_1_baseline_QLESQ_1B_1_baseline_merged:::qlesq01__qlesq01,QIDS_SR_13_baseline:::qids01_w0sr__vintr
30,wsas01__wsas05,wpai01__wpai06,qids01_w2c__vvwsf,wsas01__wsas02,QIDS_SR_1_baseline:::qids01_w0sr__vsoin,qids01_w2c__vintr,imput_hamd7,pdsq01__tht2w,dm01_enroll__publica||0.0,QIDS_SR_13_baseline:::qids01_w0sr__vintr,QLESQ_1A_10_baseline_QLESQ_1B_10_baseline_merged:::qlesq01__qlesq10,LAM_3_baseline:::wpai01__wpai02
31,wpai01__wpai06,wpai01__wpai_pctactimp,wpai01__wpai_totalhrs,wpai01__wpai06,QLESQ_1A_11_baseline_QLESQ_1B_11_baseline_merged:::qlesq01__qlesq11,imput_idsc5w0,imput_santen,idsc01__isex,dm01_enroll__publica||1.0,QLESQ_1A_6_baseline_QLESQ_1B_6_baseline_merged:::qlesq01__qlesq06,LAM_3_baseline:::wpai01__wpai02,QLESQ_1A_3_baseline_QLESQ_1B_3_baseline_merged:::qlesq01__qlesq03
,,,,,,,,,,,,
,,,,,,,,,,,,
"cv: cross validation, extval: external validation, AUC: area-under-curve;  trd: treatment resistant depression; resp: depression response; rem: depression remission; qidssr: Quick Inventory of Depressive Symptomatology, Self Report Version; qidc: Quick Inventory of Depressive Symptomatology, Clinician Report Version. Please see S2 for explanation of feature names. ",,,,,,,,,,,,
