Rank,rf_full,rf_chi2,rf_elnet,gbdt_full,gbdt_chi2,gbdt_elnet,xgb_full,xgb_chi2,xgb_elnet,l2reg_full,l2reg_chi2,l2reg_elnet,elastic_net
1,qids01_w2c__qstot,imput_qidscpccg,imput_qidscpccg,qids01_w2c__qstot,dm01_enroll__marital||3.0,gender||F,qids01_w2c__qstot,imput_qidscpccg,pdsq01__trd2y,pdsq01__spf2w,pdsq01__emanx,pdsq01__emanx,imput_qidscpccg
2,imput_qidscpccg,pdsq01__tedis,pdsq01__temem,qids01_w2sr__vmdsd,pdsq01__wintr,idsc01__islow,imput_idsc5w2,phx01__pd_nos,pdsq01__tedis,ccv01_w2__effct,pdsq01__fravd,pdsq01__evy2w,pdsq01__temem
3,imput_idsc5w2,pdsq01__sad2y,pdsq01__spf2w,wsas01__wsas03,pdsq01__dkmge,phx01__alcoh||2.0,qids01_w2sr__vmdsd,phx01__drgpar,pdsq01__jmp2w,pdsq01__frbus,pdsq01__petlk,pdsq01__cnt2w,pdsq01__spf2w
4,qlesq01__totqlesq,pdsq01__apt2y,pdsq01__sad2y,qlesq01__totqlesq,pdsq01__dgmch,phx01__alcoh||1.0,wsas01__wsas03,phx01__drug_phx,pdsq01__ebups,qids01_w2sr__vmdsd,pdsq01__pevth,pdsq01__dcn2w,pdsq01__sad2y
5,qids01_w2sr__qstot,pdsq01__slp2y,pdsq01__apt2y,sfhs01__pcs12,pdsq01__dgfam,idsc01__iagit,qlesq01__totqlesq,phx01__alcsib,pdsq01__frbrg,qids01_w2c__vcntr,pdsq01__peimp,pdsq01__wsh2w,pdsq01__apt2y
6,imput_idsc5pccg,pdsq01__trd2y,pdsq01__slp2y,imput_qidscpccg,dm01_enroll__resid||4.0,idsc01__iwrse||3.0,sfhs01__pcs12,phx01__alcohol,pdsq01__ebvmt,pdsq01__trwit,pdsq01__imagn,pdsq01__btr2w,pdsq01__slp2y
7,sfhs01__pcs12,pdsq01__cd2y,pdsq01__trd2y,interview_age,pdsq01__dgcut,mhx01__psmed,qids01_w2sr__qstot,dm01_enroll__empl||4.0,pdsq01__obcnt,qids01_w2c__vmdsd,pdsq01__imspy,qids01_w0sr__vwtdc,pdsq01__trd2y
8,wsas01__totwsas,pdsq01__low2y,pdsq01__cd2y,dm01_enroll__empl||3.0,pdsq01__dgpbm,phx01__anorexia,wsas01__totwsas,phx01__bippar,pdsq01__ebhgy,dm01_enroll__resid||4.0,pdsq01__imdgr,pdsq01__tht2w,pdsq01__cd2y
9,wsas01__wsas03,pdsq01__hpl2y,pdsq01__low2y,qids01_w2c__vmdsd,pdsq01__dgmge,pdsq01__lap2w,qids01_w2c__vcntr,phx01__bip,pdsq01__sad2y,pdsq01__emanx,pdsq01__impwr,pdsq01__ser2w,pdsq01__low2y
10,qids01_w2sr__vmdsd,pdsq01__trexp,pdsq01__hpl2y,qids01_w2c__vcntr,pdsq01__wynrv,pdsq01__jmp2w,dm01_enroll__empl||3.0,phx01__depchld,pdsq01__teblk,phx01__aii_na,pdsq01__imcrl,qids01_w0sr__vmdsd,pdsq01__hpl2y
11,qids01_w2c__vmdsd,pdsq01__trwit,pdsq01__trexp,qids01_w2sr__qstot,pdsq01__wysdt,pdsq01__flr2w,qids01_w2c__vmdsd,phx01__deppar,pdsq01__teups,pdsq01__phach,pdsq01__imvcs,qids01_w0c__vagit,pdsq01__trexp
12,phx01__episode_date,pdsq01__tetht,pdsq01__trwit,phx01__episode_date,dm01_enroll__resid||2.0,pdsq01__cnt2w,pdsq01__phach,phx01__dep,pdsq01__impwr,crs01__liverd,pdsq01__frfar,pdsq01__cd2y,pdsq01__trwit
13,interview_age,pdsq01__teups,pdsq01__tetht,sfhs01__mcs12,pdsq01__phach,phx01__suic_phx,imput_qidscpccg,phx01__axii_oth,pdsq01__apt2y,qlesq01__qlesq14,pdsq01__emstu,qids01_w0c__vengy,pdsq01__tetht
14,qids01_w2c__vcntr,pdsq01__temem,pdsq01__teups,wsas01__totwsas,pdsq01__phpr,phx01__drgsib,sfhs01__sfhs08,phx01__pd_depend,pdsq01__ebnge,mhx01__psmed,pdsq01__frcwd,pdsq01__teups,pdsq01__teups
15,sfhs01__mcs12,pdsq01__teblk,pdsq01__tedis,imput_idsc5w2,pdsq01__phcse,phx01__drgpar,interview_age,phx01__drgchld,pdsq01__obfgt,pdsq01__frcar,pdsq01__frlne,qids01_w0c__vwtin,pdsq01__tedis
16,qids01_w0sr__qstot,pdsq01__ser2w,pdsq01__tht2w,pdsq01__phach,dm01_enroll__privins||0.0,phx01__drug_phx,qids01_w2c__vsoin,phx01__aii_def,pdsq01__low2y,pdsq01__frcwd,pdsq01__frbrg,pdsq01__tejmp,pdsq01__tht2w
17,phx01__dage,pdsq01__termd,pdsq01__teblk,dm01_w0__mempl,pdsq01__wistp,phx01__alcchld,qlesq01__qlesq06,phx01__aii_none,pdsq01__obcln,ucq01__ucq060,pdsq01__frbus,pdsq01__ebfl,pdsq01__teblk
18,hrsd01__hdtot_r,pdsq01__tefsh,pdsq01__termd,phx01__dage,pdsq01__dkpbm,phx01__bipchld,phx01__episode_date,phx01__soc_phob,pdsq01__tedst,hrsd01__hengy,pdsq01__frcar,pdsq01__ebups,pdsq01__termd
19,dm01_w0__totincom,pdsq01__teshk,pdsq01__tefsh,imput_idsc5pccg,pdsq01__dkcut,phx01__bipsib,imput_idsc5pccg,phx01__pd_ag,idsc01__iengy,ccv01_w2__raise,pdsq01__fralo,pdsq01__obfgt,pdsq01__tefsh
20,qids01_w0c__qstot,pdsq01__tedst,pdsq01__teshk,sfhs01__sfhs08,pdsq01__dkfam,phx01__bippar,dm01_w0__mempl,phx01__ai_none,idsc01__iagit,crs01__neuro,pdsq01__fropn,pdsq01__flr2w,pdsq01__teshk
21,wsas01__wsas04,pdsq01__tenmb,pdsq01__tedst,qids01_w2c__vsoin,pdsq01__emwry,phx01__bip,pdsq01__frcwd,pdsq01__widr,pdsq01__ebwgh,pdsq01__ebnge,pdsq01__franx,qids01_w0sr__qstot,pdsq01__tedst
22,dm01_enroll__resm,pdsq01__tegug,pdsq01__tenmb,dm01_enroll__famim,pdsq01__frcwd,phx01__depchld,qids01_w2sr__vagit,pdsq01__wistp,pdsq01__ansym,idsc01__islow,pdsq01__frsit,hrsd01__hagit,pdsq01__tenmb
23,wsas01__wsas02,pdsq01__tegrd,pdsq01__tegug,dm01_enroll__educat,pdsq01__frlne,phx01__depsib,sfhs01__sfhs12,dm01_enroll__leave||1.0,pdsq01__tegrd,pdsq01__phstm,pdsq01__peslp,qids01_w2c__vsoin,pdsq01__tegug
24,dm01_w0__mempl,pdsq01__tejmp,pdsq01__tegrd,qids01_w2sr__vagit,pdsq01__frbus,pdsq01__psv2w,pdsq01__phpr,pdsq01__wytsn,pdsq01__imagn,dm01_enroll__enjoy,pdsq01__pecnf,idsc01__isoin,pdsq01__tegrd
25,imput_gibbons,pdsq01__ebnge,pdsq01__tejmp,qids01_w0sr__qstot,pdsq01__fralo,pdsq01__btr2w,sfhs01__sfhs03,pdsq01__wyrst,pdsq01__tefsh,pdsq01__wyrst,pdsq01__pechr,idsc01__imnin,pdsq01__tejmp
26,dm01_enroll__educat,pdsq01__ebcrl,pdsq01__ebnge,pdsq01__frcwd,pdsq01__franx,pdsq01__tht2w,qlesq01__qlesq05,pdsq01__wybad,pdsq01__gap2w,pdsq01__frbrg,pdsq01__anavd,qids01_w2sr__vvwsf,pdsq01__ebnge
27,qids01_w2c__vengy,pdsq01__ebfl,pdsq01__ebcrl,dm01_enroll__resm,pdsq01__frsit,pdsq01__apt2y,pdsq01__slp2y,phx01__drgsib,pdsq01__neg2w,idsc01__iapin,pdsq01__ebups,idsc01__ianx,pdsq01__ebcrl
28,wsas01__wsas01,pdsq01__ebhgy,pdsq01__ebfl,qlesq01__qlesq06,pdsq01__emstu,phx01__pd_paran,qlesq01__qlesq12,phx01__suic_phx,pdsq01__petlk,pdsq01__msl2w,pdsq01__ebdt,qids01_w2sr__vapin,pdsq01__ebfl
29,wpai01__wpai04,pdsq01__spf2w,pdsq01__ser2w,wpai01__wpai_totalhrs,pdsq01__dkmch,phx01__pd_antis,dm01_enroll__famim,crs01__respiratory,pdsq01__obvlt,pdsq01__tht2w,pdsq01__ebvmt,qids01_w2sr__vhysm,pdsq01__ser2w
30,imput_santen,pdsq01__tht2w,pdsq01__btr2w,dm01_w0__totincom,pdsq01__emspk,phx01__amphet||1.0,sfhs01__mcs12,ccv01_w2__trtmt||1.0,pdsq01__tht2w,qids01_w0sr__vmnin,pdsq01__ebwgh,qids01_w2sr__vsoin,pdsq01__btr2w
31,wsas01__wsas05,idsc01__isex,idsc01__iengy,phx01__epino,pdsq01__emupr,phx01__cannibis||1.0,wsas01__wsas02,qids01_w2c__vmnin,pdsq01__anavd,pdsq01__cd2y,pdsq01__obgrm,qids01_w2c__vagit,pdsq01__ebaln
,,,,,,,,,,,,,
AUC: area-under-curve; rf: random forests; gbdt: gradient boosted decision tree; l2reg: l2 regularized logistic regression; chi2: clustering chi-squared feature selection; elnet: elastic net feature selection.  Please see S2 for explanation of feature names.,,,,,,,,,,,,,
