 Balanced Accuracy two-tailed two-sided t-tests p-values,,,,,,,,,,
,rf_resp_bacc,gbdt_resp_bacc,xgb_resp_bacc,l2reg_resp_bacc,elastic_net_resp_bacc,rf_rem_bacc,gbdt_rem_bacc,xgb_rem_bacc,l2reg_rem_bacc,elastic_net_rem_bacc
rf_resp_bacc,1,2.69E-48,1.83E-145,2.43E-118,1.73E-166,3.75E-259,1.84E-250,4.62E-231,4.51E-247,1.85E-239
gbdt_resp_bacc,2.69E-48,1,8.75E-118,3.82E-147,8.46E-148,2.82E-253,1.64E-244,1.25E-223,3.05E-240,7.80E-233
xgb_resp_bacc,1.83E-145,8.75E-118,1,9.91E-202,1.54E-78,5.59E-245,4.14E-234,8.18E-208,1.87E-228,1.07E-219
l2reg_resp_bacc,2.43E-118,3.82E-147,9.91E-202,1,1.08E-209,4.19E-284,8.45E-273,2.08E-255,2.57E-273,3.04E-262
elastic_net_resp_bacc,1.73E-166,8.46E-148,1.54E-78,1.08E-209,1,1.74E-220,1.47E-212,9.64E-183,9.65E-202,3.46E-197
rf_rem_bacc,3.75E-259,2.82E-253,5.59E-245,4.19E-284,1.74E-220,1,1.61E-06,4.67E-97,3.55E-87,2.00E-39
gbdt_rem_bacc,1.84E-250,1.64E-244,4.14E-234,8.45E-273,1.47E-212,1.61E-06,1,1.41E-97,1.24E-87,3.71E-47
xgb_rem_bacc,4.62E-231,1.25E-223,8.18E-208,2.08E-255,9.64E-183,4.67E-97,1.41E-97,1,3.67E-20,2.68E-50
l2reg_rem_bacc,4.51E-247,3.05E-240,1.87E-228,2.57E-273,9.65E-202,3.55E-87,1.24E-87,3.67E-20,1,1.87E-27
elastic_net_rem_bacc,1.85E-239,7.80E-233,1.07E-219,3.04E-262,3.46E-197,2.00E-39,3.71E-47,2.68E-50,1.87E-27,1
,,,,,,,,,,
 AUC two-tailed two-sided t-tests,,,,,,,,,,
,rf_resp_auc,gbdt_resp_auc,xgb_resp_auc,l2reg_resp_auc,elastic_net_resp_auc,rf_rem_auc,gbdt_rem_auc,xgb_rem_auc,l2reg_rem_auc,elastic_net_rem_auc
rf_resp_auc,1,8.15E-59,4.77E-118,1.09E-262,1.99E-44,2.75416647e-315,0,9.7473871354e-313,1.1144646814377e-311,9.43983157e-316
gbdt_resp_auc,8.15E-59,1,1.05E-87,2.37E-284,4.86E-114,4e-323,0,6.8515e-319,7.59e-321,0
xgb_resp_auc,4.77E-118,1.05E-87,1,6.87E-279,1.43E-151,2.34E-305,1.10981156e-316,2.54E-303,1.41E-300,1.42E-304
l2reg_resp_auc,1.09E-262,2.37E-284,6.87E-279,1,2.25E-276,0,0,0,0,0
elastic_net_resp_auc,1.99E-44,4.86E-114,1.43E-151,2.25E-276,1,0,0,0,0,0
rf_rem_auc,2.75416647e-315,4e-323,2.34E-305,0,0,1,7.59E-142,1.25E-63,5.00E-132,1.39E-138
gbdt_rem_auc,0,0,1.10981156e-316,0,0,7.59E-142,1,1.17E-94,4.73E-199,5.06E-205
xgb_rem_auc,9.7473871354e-313,6.8515e-319,2.54E-303,0,0,1.25E-63,1.17E-94,1,6.51E-156,4.17E-161
l2reg_rem_auc,1.1144646814377e-311,7.59e-321,1.41E-300,0,0,5.00E-132,4.73E-199,6.51E-156,1,0.144398428
elastic_net_rem_auc,9.43983157e-316,0,1.42E-304,0,0,1.39E-138,5.06E-205,4.17E-161,0.144398428,1
,,,,,,,,,,
AUC: area-under-curve; rf: random forests; gbdt: gradient boosted decision tree; l2reg: l2 regularized logistic regression; resp: depression response; rem: depression remission,,,,,,,,,,
