Rank,rf_resp,gbdt_resp,xgb_resp,l2reg_resp,elastic_net_resp,rf_rem,gbdt_rem,xgb_rem,l2reg_rem,elastic_net_rem
1,imput_QIDS_SR_perc_change:::,imput_QIDS_SR_perc_change:::,QIDS_OVERL_SEVTY_week2:::qids01_w2sr__qstot,EMPLOY_STATUS_1.0:::dm01_enroll__empl||3.0,QIDS_OVERL_SEVTY_baseline:::qids01_w0sr__qstot,QIDS_OVERL_SEVTY_week2:::qids01_w2sr__qstot,QIDS_OVERL_SEVTY_week2:::qids01_w2sr__qstot,QIDS_OVERL_SEVTY_week2:::qids01_w2sr__qstot,EMPLOY_STATUS_5.0:::dm01_enroll__empl||2.0,QLESQA_TOT_QLESQB_TOT_merged:::
2,QIDS_OVERL_SEVTY_week2:::qids01_w2sr__qstot,AGE:::interview_age,imput_QIDS_SR_perc_change:::,EMPLOY_STATUS_7.0:::dm01_enroll__empl||6.0,QLESQA_TOT_QLESQB_TOT_merged:::,imput_QIDS_SR_perc_change:::,PSYHIS_MDE_EP_DUR_MO:::phx01__episode_date,QIDS_SR_11_week2:::qids01_w2sr__vvwsf,MRTL_STATUS_Married:::dm01_enroll__marital||3.0,LAM_2_baseline:::wpai01__wpai_totalhrs
3,AGE:::interview_age,QIDS_OVERL_SEVTY_week2:::qids01_w2sr__qstot,QIDS_SR_5_week2:::qids01_w2sr__vmdsd,EMPLOY_STATUS_5.0:::dm01_enroll__empl||2.0,LAM_2_baseline:::wpai01__wpai_totalhrs,QLESQA_TOT_QLESQB_TOT_merged:::,QLESQA_TOT_QLESQB_TOT_merged:::,imput_QIDS_SR_psychomot_domain_week2:::,QIDS_SR_6_week2:::qids01_w2sr__vapdc,EDUC:::dm01_enroll__educat
4,PSYHIS_MDE_EP_DUR_MO:::phx01__episode_date,PSYHIS_MDE_EP_DUR_MO:::phx01__episode_date,QIDS_OVERL_SEVTY_baseline:::qids01_w0sr__qstot,QIDS_SR_6_week2:::qids01_w2sr__vapdc,EDUC:::dm01_enroll__educat,PSYHIS_MDE_EP_DUR_MO:::phx01__episode_date,AGE:::interview_age,QLESQA_TOT_QLESQB_TOT_merged:::,EMPLOY_STATUS_1.0:::dm01_enroll__empl||3.0,PSYHIS_MDD_AGE:::phx01__dage
5,PSYHIS_MDD_AGE:::phx01__dage,QLESQA_TOT_QLESQB_TOT_merged:::,QIDS_SR_16_week2:::qids01_w2sr__vagit,EMPLOY_STATUS_2.0:::dm01_enroll__empl||1.0,PSYHIS_MDD_AGE:::phx01__dage,AGE:::interview_age,imput_QIDS_SR_perc_change:::,QIDS_SR_5_week2:::qids01_w2sr__vmdsd,EMPLOY_STATUS_7.0:::dm01_enroll__empl||6.0,HSHLD_INCOME:::dm01_w0__totincom
6,QLESQA_TOT_QLESQB_TOT_merged:::,QIDS_SR_16_week2:::qids01_w2sr__vagit,imput_QIDS_SR_psychomot_domain_week2:::,MINI_SBSTNC_ABUSE_NONALCHL_TIME:::phx01__amphet||1.0,HSHLD_INCOME:::dm01_w0__totincom,QIDS_OVERL_SEVTY_baseline:::qids01_w0sr__qstot,SDS_2_1_baseline:::wsas01__wsas03,SDS_2_1_baseline:::wsas01__wsas03,imput_QIDS_SR_overeating_week2:::,imput_QIDS_SR_sleep_domain_week2:::
7,QIDS_OVERL_SEVTY_baseline:::qids01_w0sr__qstot,EMPLOY_STATUS_1.0:::dm01_enroll__empl||3.0,QIDS_SR_15_week2:::qids01_w2sr__vslow,MRTL_STATUS_Divorced:::dm01_enroll__marital||5.0,QIDS_ATYPICAL_baseline:::,QIDS_SR_11_week2:::qids01_w2sr__vvwsf,QIDS_SR_16_week2:::qids01_w2sr__vagit,QLESQ_1A_12_baseline_QLESQ_1B_12_baseline_merged:::qlesq01__qlesq12,QIDS_SR_8_week2:::qids01_w2sr__vwtdc,QIDS_SR_12_baseline:::qids01_w0sr__vsuic
8,EDUC:::dm01_enroll__educat,SDS_2_1_baseline:::wsas01__wsas03,EMPLOY_STATUS_1.0:::dm01_enroll__empl||3.0,QIDS_SR_8_week2:::qids01_w2sr__vwtdc,QIDS_SR_12_baseline:::qids01_w0sr__vsuic,PSYHIS_MDD_AGE:::phx01__dage,QIDS_SR_11_week2:::qids01_w2sr__vvwsf,imput_QIDS_SR_perc_change:::,MINI_SBSTNC_ABUSE_NONALCHL_TIME:::phx01__amphet||1.0,PSYHIS_MDD_PREV:::
9,LAM_2_baseline:::wpai01__wpai_totalhrs,PSYHIS_MDD_AGE:::phx01__dage,QIDS_SR_11_week2:::qids01_w2sr__vvwsf,QIDS_SR_11_baseline:::qids01_w0sr__vvwsf,PSYHIS_MDD_PREV:::,SDS_2_1_baseline:::wsas01__wsas03,LAM_2_baseline:::wpai01__wpai_totalhrs,SDS_1_1_baseline:::wsas01__wsas01,MRTL_STATUS_Divorced:::dm01_enroll__marital||5.0,QIDS_ATYPICAL_week2:::
10,SDS_2_1_baseline:::wsas01__wsas03,EDUC:::dm01_enroll__educat,QLESQ_1A_12_baseline_QLESQ_1B_12_baseline_merged:::qlesq01__qlesq12,imput_QIDS_SR_insomnia_week0:::,QIDS_ATYPICAL_week2:::,SDS_1_1_baseline:::wsas01__wsas01,PSYHIS_MDD_AGE:::phx01__dage,QIDS_SR_1_week2:::qids01_w2sr__vsoin,imput_QIDS_SR_insomnia_week2:::,QIDS_SR_10_baseline:::qids01_w0sr__vcntr
11,SDS_1_1_baseline:::wsas01__wsas01,QIDS_OVERL_SEVTY_baseline:::qids01_w0sr__qstot,QLESQ_1A_13_baseline_QLESQ_1B_13_baseline_merged:::qlesq01__qlesq13,imput_QIDS_SR_insomnia_week2:::,QIDS_SR_10_baseline:::qids01_w0sr__vcntr,QIDS_SR_5_week2:::qids01_w2sr__vmdsd,QLESQ_1A_12_baseline_QLESQ_1B_12_baseline_merged:::qlesq01__qlesq12,PSYHIS_MDE_EP_DUR_MO:::phx01__episode_date,imput_QIDS_SR_psychomot_domain_week2:::,QIDS_SR_10_week2:::qids01_w2sr__vcntr
12,HSHLD_INCOME:::dm01_w0__totincom,QIDS_SR_15_week2:::qids01_w2sr__vslow,SDS_2_1_baseline:::wsas01__wsas03,imput_QIDS_SR_overeating_week2:::,QIDS_SR_10_week2:::qids01_w2sr__vcntr,imput_QIDS_SR_psychomot_domain_week2:::,SDS_1_1_baseline:::wsas01__wsas01,QIDS_OVERL_SEVTY_baseline:::qids01_w0sr__qstot,QLESQ_1A_12_baseline_QLESQ_1B_12_baseline_merged:::qlesq01__qlesq12,QIDS_SR_11_baseline:::qids01_w0sr__vvwsf
13,SDS_3_1_baseline:::wsas01__wsas02,HSHLD_INCOME:::dm01_w0__totincom,QLESQA_TOT_QLESQB_TOT_merged:::,QIDS_SR_13_baseline:::qids01_w0sr__vintr,QIDS_SR_11_baseline:::qids01_w0sr__vvwsf,LAM_2_baseline:::wpai01__wpai_totalhrs,QIDS_SR_1_week2:::qids01_w2sr__vsoin,QIDS_SR_16_week2:::qids01_w2sr__vagit,QIDS_SR_12_week2:::qids01_w2sr__vsuic,QIDS_SR_11_week2:::qids01_w2sr__vvwsf
14,QIDS_ATYPICAL_baseline:::,QLESQ_1A_12_baseline_QLESQ_1B_12_baseline_merged:::qlesq01__qlesq12,EDUC:::dm01_enroll__educat,MINI_PD_DX:::phx01__pd_noag,QIDS_SR_11_week2:::qids01_w2sr__vvwsf,EDUC:::dm01_enroll__educat,EDUC:::dm01_enroll__educat,EMPLOY_STATUS_1.0:::dm01_enroll__empl||3.0,imput_QIDS_SR_appetite_domain_week0:::,QIDS_SR_13_baseline:::qids01_w0sr__vintr
15,PSYHIS_MDE_NUM:::phx01__epino,LAM_2_baseline:::wpai01__wpai_totalhrs,imput_QIDS_SR_appetite_domain_week2:::,imput_QIDS_SR_psychomot_domain_week2:::,imput_QIDS_SR_sleep_domain_week2:::,SDS_3_1_baseline:::wsas01__wsas02,QIDS_OVERL_SEVTY_baseline:::qids01_w0sr__qstot,QIDS_SR_10_week2:::qids01_w2sr__vcntr,QIDS_SR_11_baseline:::qids01_w0sr__vvwsf,QIDS_SR_12_week2:::qids01_w2sr__vsuic
16,QIDS_SR_5_week2:::qids01_w2sr__vmdsd,SDS_1_1_baseline:::wsas01__wsas01,HSHLD_INCOME:::dm01_w0__totincom,QIDS_OVERL_SEVTY_baseline:::qids01_w0sr__qstot,QIDS_SR_12_week2:::qids01_w2sr__vsuic,HSHLD_INCOME:::dm01_w0__totincom,EMPLOY_STATUS_1.0:::dm01_enroll__empl||3.0,QIDS_SR_15_week2:::qids01_w2sr__vslow,QIDS_SR_15_baseline:::qids01_w0sr__vslow,MRTL_STATUS_Widowed:::dm01_enroll__marital||6.0
17,QLESQ_1A_12_baseline_QLESQ_1B_12_baseline_merged:::qlesq01__qlesq12,QIDS_SR_11_week2:::qids01_w2sr__vvwsf,AGE:::interview_age,imput_QIDS_SR_sleep_domain_week2:::,PSYHIS_FH:::phx01__dep,QIDS_SR_16_week2:::qids01_w2sr__vagit,QIDS_ATYPICAL_baseline:::,HSHLD_INCOME:::dm01_w0__totincom,SEX_female:::gender||F,QIDS_SR_13_week2:::qids01_w2sr__vintr
18,imput_QIDS_SR_psychomot_domain_week2:::,QLESQ_1A_13_baseline_QLESQ_1B_13_baseline_merged:::qlesq01__qlesq13,SDS_1_1_baseline:::wsas01__wsas01,QLESQ_1A_12_baseline_QLESQ_1B_12_baseline_merged:::qlesq01__qlesq12,QIDS_SR_13_week2:::qids01_w2sr__vintr,QIDS_ATYPICAL_baseline:::,HSHLD_INCOME:::dm01_w0__totincom,LAM_2_baseline:::wpai01__wpai_totalhrs,QLESQ_1A_6_baseline_QLESQ_1B_6_baseline_merged:::qlesq01__qlesq06,QIDS_SR_14_baseline:::qids01_w0sr__vengy
19,QIDS_SR_16_week2:::qids01_w2sr__vagit,QIDS_SR_11_baseline:::qids01_w0sr__vvwsf,QIDS_SR_2_week2:::qids01_w2sr__vmnin,imput_QIDS_SR_psychomot_domain_week0:::,QIDS_SR_14_baseline:::qids01_w0sr__vengy,QIDS_SR_13_week2:::qids01_w2sr__vintr,QIDS_SR_5_week2:::qids01_w2sr__vmdsd,QIDS_SR_13_week2:::qids01_w2sr__vintr,QLESQ_1A_8_baseline_QLESQ_1B_8_baseline_merged:::qlesq01__qlesq08,QIDS_SR_14_week2:::qids01_w2sr__vengy
20,QIDS_SR_11_week2:::qids01_w2sr__vvwsf,QLESQ_1A_6_baseline_QLESQ_1B_6_baseline_merged:::qlesq01__qlesq06,QLESQ_1A_6_baseline_QLESQ_1B_6_baseline_merged:::qlesq01__qlesq06,QLESQ_1A_10_baseline_QLESQ_1B_10_baseline_merged:::qlesq01__qlesq10,QIDS_SR_14_week2:::qids01_w2sr__vengy,QIDS_SR_1_week2:::qids01_w2sr__vsoin,QLESQ_1A_6_baseline_QLESQ_1B_6_baseline_merged:::qlesq01__qlesq06,AGE:::interview_age,QLESQ_1A_16_baseline_QLESQ_1B_16_baseline_merged:::qlesq01__qlesq16,QIDS_SR_15_baseline:::qids01_w0sr__vslow
21,QLESQ_1A_13_baseline_QLESQ_1B_13_baseline_merged:::qlesq01__qlesq13,QIDS_ATYPICAL_baseline:::,QIDS_SR_3_week2:::qids01_w2sr__vemin,QIDS_SR_4_baseline:::qids01_w0sr__vhysm,QIDS_SR_15_baseline:::qids01_w0sr__vslow,PSYHIS_MDE_NUM:::phx01__epino,LAM_3_baseline:::wpai01__wpai02,QIDS_SR_12_week2:::qids01_w2sr__vsuic,QLESQ_1A_10_baseline_QLESQ_1B_10_baseline_merged:::qlesq01__qlesq10,QIDS_SR_15_week2:::qids01_w2sr__vslow
22,QLESQ_1A_11_baseline_QLESQ_1B_11_baseline_merged:::qlesq01__qlesq11,PSYHIS_MDE_NUM:::phx01__epino,QIDS_SR_6_week2:::qids01_w2sr__vapdc,HSHLD_INCOME:::dm01_w0__totincom,QIDS_SR_15_week2:::qids01_w2sr__vslow,QIDS_SR_10_week2:::qids01_w2sr__vcntr,SDS_3_1_baseline:::wsas01__wsas02,QIDS_SR_3_week2:::qids01_w2sr__vemin,QLESQ_1A_9_baseline_QLESQ_1B_9_baseline_merged:::qlesq01__qlesq09,QIDS_SR_16_baseline:::qids01_w0sr__vagit
23,QIDS_ATYPICAL_week2:::,QLESQ_1A_10_baseline_QLESQ_1B_10_baseline_merged:::qlesq01__qlesq10,LAM_2_baseline:::wpai01__wpai_totalhrs,QIDS_ATYPICAL_baseline:::,QIDS_SR_16_baseline:::qids01_w0sr__vagit,QLESQ_1A_12_baseline_QLESQ_1B_12_baseline_merged:::qlesq01__qlesq12,PSYHIS_MDE_NUM:::phx01__epino,QLESQ_1A_10_baseline_QLESQ_1B_10_baseline_merged:::qlesq01__qlesq10,HSHLD_INCOME:::dm01_w0__totincom,imput_QIDS_SR_sleep_domain_week0:::
24,QIDS_SR_11_baseline:::qids01_w0sr__vvwsf,QIDS_SR_2_week2:::qids01_w2sr__vmnin,QIDS_SR_11_baseline:::qids01_w0sr__vvwsf,QLESQ_1A_8_baseline_QLESQ_1B_8_baseline_merged:::qlesq01__qlesq08,imput_QIDS_SR_sleep_domain_week0:::,QIDS_SR_15_week2:::qids01_w2sr__vslow,QIDS_SR_1_baseline:::qids01_w0sr__vsoin,imput_QIDS_SR_insomnia_week2:::,QIDS_SR_4_baseline:::qids01_w0sr__vhysm,PSYHIS_FH:::phx01__dep
25,QLESQ_1A_10_baseline_QLESQ_1B_10_baseline_merged:::qlesq01__qlesq10,QLESQ_1A_11_baseline_QLESQ_1B_11_baseline_merged:::qlesq01__qlesq11,:::imput_anyanxiety,QIDS_SR_15_baseline:::qids01_w0sr__vslow,QIDS_SR_13_baseline:::qids01_w0sr__vintr,QIDS_SR_14_week2:::qids01_w2sr__vengy,QIDS_SR_2_week2:::qids01_w2sr__vmnin,imput_QIDS_SR_sleep_domain_week2:::,QLESQ_1A_1_baseline_QLESQ_1B_1_baseline_merged:::qlesq01__qlesq01,MRTL_STATUS_Never Married:::dm01_enroll__marital||1.0
26,LAM_3_baseline:::wpai01__wpai02,SDS_3_1_baseline:::wsas01__wsas02,PSYHIS_MDE_EP_DUR_MO:::phx01__episode_date,imput_QIDS_SR_appetite_domain_week0:::,MRTL_STATUS_Separated:::dm01_enroll__marital||4.0,QIDS_ATYPICAL_week2:::,:::imput_anyanxiety,QIDS_SR_2_week2:::qids01_w2sr__vmnin,imput_QIDS_SR_sleep_domain_week0:::,MRTL_STATUS_Separated:::dm01_enroll__marital||4.0
27,QIDS_SR_13_week2:::qids01_w2sr__vintr,QIDS_SR_5_week2:::qids01_w2sr__vmdsd,QLESQ_1A_10_baseline_QLESQ_1B_10_baseline_merged:::qlesq01__qlesq10,QIDS_SR_4_week2:::qids01_w2sr__vhysm,MRTL_STATUS_Widowed:::dm01_enroll__marital||6.0,QLESQ_1A_9_baseline_QLESQ_1B_9_baseline_merged:::qlesq01__qlesq09,QLESQ_1A_10_baseline_QLESQ_1B_10_baseline_merged:::qlesq01__qlesq10,imput_QIDS_SR_psychomot_domain_week0:::,imput_QIDS_SR_psychomot_domain_week0:::,MINI_BN_TIME:::phx01__bulimia||2/5
28,QIDS_SR_14_week2:::qids01_w2sr__vengy,QIDS_SR_6_week2:::qids01_w2sr__vapdc,PSYHIS_MDD_AGE:::phx01__dage,QIDS_SR_7_week2:::qids01_w2sr__vapin,QIDS_SR_1_week2:::qids01_w2sr__vsoin,LAM_3_baseline:::wpai01__wpai02,QIDS_ATYPICAL_week2:::,EDUC:::dm01_enroll__educat,MRTL_STATUS_Widowed:::dm01_enroll__marital||6.0,EMPLOY_STATUS_1.0:::dm01_enroll__empl||3.0
29,QLESQ_1A_9_baseline_QLESQ_1B_9_baseline_merged:::qlesq01__qlesq09,QIDS_SR_13_baseline:::qids01_w0sr__vintr,QIDS_SR_4_baseline:::qids01_w0sr__vhysm,MRTL_STATUS_Married:::dm01_enroll__marital||3.0,EMPLOY_STATUS_1.0:::dm01_enroll__empl||3.0,QLESQ_1A_10_baseline_QLESQ_1B_10_baseline_merged:::qlesq01__qlesq10,QLESQ_1A_9_baseline_QLESQ_1B_9_baseline_merged:::qlesq01__qlesq09,PSYHIS_MDD_AGE:::phx01__dage,MINI_AGRPHOBIA_TIME:::phx01__pd_ag,EMPLOY_STATUS_2.0:::dm01_enroll__empl||1.0
30,QLESQ_1A_6_baseline_QLESQ_1B_6_baseline_merged:::qlesq01__qlesq06,QIDS_SR_3_week2:::qids01_w2sr__vemin,QIDS_SR_1_week2:::qids01_w2sr__vsoin,MINI_AGRPHOBIA_TIME:::phx01__pd_ag,EMPLOY_STATUS_2.0:::dm01_enroll__empl||1.0,QIDS_SR_1_baseline:::qids01_w0sr__vsoin,QIDS_SR_3_week2:::qids01_w2sr__vemin,QIDS_ATYPICAL_baseline:::,QLESQ_1A_5_baseline_QLESQ_1B_5_baseline_merged:::qlesq01__qlesq05,EMPLOY_STATUS_5.0:::dm01_enroll__empl||2.0
31,QIDS_SR_13_baseline:::qids01_w0sr__vintr,LAM_3_baseline:::wpai01__wpai02,imput_QIDS_SR_insomnia_week0:::,QLESQ_1A_13_baseline_QLESQ_1B_13_baseline_merged:::qlesq01__qlesq13,EMPLOY_STATUS_5.0:::dm01_enroll__empl||2.0,QLESQ_1A_11_baseline_QLESQ_1B_11_baseline_merged:::qlesq01__qlesq11,imput_QIDS_SR_psychomot_domain_week2:::,QLESQ_1A_8_baseline_QLESQ_1B_8_baseline_merged:::qlesq01__qlesq08,imput_QIDS_SR_insomnia_week0:::,EMPLOY_STATUS_7.0:::dm01_enroll__empl||6.0
,,,,,,,,,,
AUC: area-under-curve; rf: random forests; gbdt: gradient boosted decision tree; l2reg: l2 regularized logistic regression; resp: depression response; rem: depression remission. Please see S2 for explanation of feature names. ,,,,,,,,,,
